{
  "model_info": {
    "checkpoint_path": "models/conv2d_fsq_trained_20250921_225014.pth",
    "fsq_levels": [
      8,
      6,
      5,
      5,
      4
    ],
    "total_codes": 4800,
    "parameters": 58063
  },
  "evaluation": {
    "test_accuracy": 99.95,
    "class_accuracies": {
      "0": 100.0,
      "1": 100.0,
      "2": 100.0,
      "3": 100.0,
      "4": 100.0,
      "5": 100.0,
      "6": 100.0,
      "7": 100.0,
      "8": 99.5,
      "9": 100.0
    },
    "code_stats": {
      "usage_ratio": 0.0,
      "perplexity": 0.0,
      "unique_codes": 0,
      "entropy": 0.0
    },
    "confusion_matrix": [
      [
        200,
        0,
        0,
        0,
        0,
        0,
        0,
        0,
        0,
        0
      ],
      [
        0,
        200,
        0,
        0,
        0,
        0,
        0,
        0,
        0,
        0
      ],
      [
        0,
        0,
        200,
        0,
        0,
        0,
        0,
        0,
        0,
        0
      ],
      [
        0,
        0,
        0,
        200,
        0,
        0,
        0,
        0,
        0,
        0
      ],
      [
        0,
        0,
        0,
        0,
        200,
        0,
        0,
        0,
        0,
        0
      ],
      [
        0,
        0,
        0,
        0,
        0,
        200,
        0,
        0,
        0,
        0
      ],
      [
        0,
        0,
        0,
        0,
        0,
        0,
        200,
        0,
        0,
        0
      ],
      [
        0,
        0,
        0,
        0,
        0,
        0,
        0,
        200,
        0,
        0
      ],
      [
        0,
        0,
        0,
        0,
        0,
        0,
        0,
        0,
        199,
        1
      ],
      [
        0,
        0,
        0,
        0,
        0,
        0,
        0,
        0,
        0,
        200
      ]
    ],
    "total_samples": 2000,
    "correct_predictions": 1999
  },
  "latency": {
    "mean_ms": 1.3187717404216528,
    "std_ms": 0.12332721343031242,
    "min_ms": 1.2534790439531207,
    "max_ms": 2.862987923435867,
    "p50_ms": 1.2890220386907458,
    "p95_ms": 1.445989985950291,
    "p99_ms": 1.8452523800078777,
    "fps": 758.2813381186562
  },
  "deployment": {
    "package_dir": "m13_fsq_deployment",
    "onnx_exported": true,
    "scripts_created": true,
    "docs_created": true
  },
  "timestamp": "2025-09-22T08:09:57.347034"
}