{
  "train_loss": [
    5.9366881991877705,
    5.879936254385746,
    6.2769536610805625,
    6.750992233102972,
    7.135217355959343,
    7.362781943696918,
    7.480604583566839,
    7.569055759545528,
    7.568810217308275,
    7.5922942089312
  ],
  "val_loss": [
    5.743931007385254,
    5.920234489440918,
    6.284674739837646,
    6.804426383972168,
    6.793617248535156,
    7.128579139709473,
    7.529516696929932,
    7.137114238739014,
    7.366094875335693,
    7.303171062469483
  ],
  "train_acc": [
    0.08476190476190476,
    0.07857142857142857,
    0.09047619047619047,
    0.09571428571428571,
    0.09666666666666666,
    0.10095238095238095,
    0.10285714285714286,
    0.10142857142857142,
    0.09,
    0.0919047619047619
  ],
  "val_acc": [
    0.087248322147651,
    0.08053691275167785,
    0.0738255033557047,
    0.087248322147651,
    0.09395973154362416,
    0.09395973154362416,
    0.08053691275167785,
    0.09395973154362416,
    0.08053691275167785,
    0.08053691275167785
  ],
  "perplexity": [
    134.36636047363282,
    126.92916259765624,
    130.84375457763673,
    127.38016052246094,
    131.12670135498047,
    134.85731506347656,
    136.2445068359375,
    149.58294830322265,
    155.32884216308594,
    159.8383575439453
  ],
  "codebook_usage": [
    0.46328125,
    0.4328125,
    0.426171875,
    0.412890625,
    0.414453125,
    0.42890625,
    0.44140625,
    0.4515625,
    0.460546875,
    0.47421875
  ],
  "reconstruction_loss": [],
  "vq_loss": [],
  "activity_loss": []
}