{
  "train_loss": [
    5.5816541997397815,
    5.173620015431226,
    5.071812453696398,
    5.049762375374151,
    NaN,
    NaN,
    NaN,
    NaN,
    NaN,
    NaN,
    NaN,
    NaN,
    NaN,
    NaN,
    NaN,
    NaN,
    NaN,
    NaN,
    NaN,
    NaN,
    NaN,
    NaN,
    NaN,
    NaN
  ],
  "val_loss": [
    3.531204737626113,
    3.5189544194704525,
    3.465165934005341,
    3.503340578698493,
    NaN,
    NaN,
    NaN,
    NaN,
    NaN,
    NaN,
    NaN,
    NaN,
    NaN,
    NaN,
    NaN,
    NaN,
    NaN,
    NaN,
    NaN,
    NaN,
    NaN,
    NaN,
    NaN,
    NaN
  ],
  "val_accuracy": [
    0.4820392795359723,
    0.5424849903327567,
    0.5435025948916251,
    0.5767782639666226,
    0.0010176045588684236,
    0.0010176045588684236,
    0.0010176045588684236,
    0.0010176045588684236,
    0.0010176045588684236,
    0.0010176045588684236,
    0.0010176045588684236,
    0.0010176045588684236,
    0.0010176045588684236,
    0.0010176045588684236,
    0.0010176045588684236,
    0.0010176045588684236,
    0.0010176045588684236,
    0.0010176045588684236,
    0.0010176045588684236,
    0.0010176045588684236,
    0.0010176045588684236,
    0.0010176045588684236,
    0.0010176045588684236,
    0.0010176045588684236
  ],
  "learning_rate": [
    0.001,
    0.001,
    0.001,
    0.001,
    0.001,
    0.001,
    0.001,
    0.001,
    0.001,
    0.001,
    0.001,
    0.001,
    0.001,
    0.001,
    0.0005,
    0.0005,
    0.0005,
    0.0005,
    0.0005,
    0.0005,
    0.0005,
    0.0005,
    0.0005,
    0.0005
  ]
}